2026-07-31 00:19:57.531593;get_weather_info;{'city': 'Odesa'};{'temperature': 22.66, 'temperature_like': 22.34, 'weather_main': 'Clear', 'weather_description': 'clear sky', 'wind_speed': 2.25}
2026-07-31 00:20:10.887608;get_weather_info;{'city': 'Prague'};{'temperature': 26.49, 'temperature_like': 26.49, 'weather_main': 'Clear', 'weather_description': 'clear sky', 'wind_speed': 1.84}
2026-07-31 00:20:14.101517;get_weather_info;{'city': 'Moscow'};{'temperature': 18.52, 'temperature_like': 18.41, 'weather_main': 'Clouds', 'weather_description': 'overcast clouds', 'wind_speed': 5.53}
2026-07-31 00:20:19.040720;get_weather_info;{'city': 'Alicante'};{'temperature': 27.05, 'temperature_like': 30.35, 'weather_main': 'Clear', 'weather_description': 'clear sky', 'wind_speed': 1.78}
2026-07-31 00:20:22.334232;get_weather_info;{'city': 'Portimao'};{'temperature': 20.29, 'temperature_like': 20.36, 'weather_main': 'Clouds', 'weather_description': 'broken clouds', 'wind_speed': 6.13}
2026-07-31 00:20:28.924444;get_weather_info;{'city': 'New York'};{'temperature': 24.68, 'temperature_like': 25.16, 'weather_main': 'Clouds', 'weather_description': 'overcast clouds', 'wind_speed': 2.68}
2026-07-31 00:20:34.579018;get_weather_info;{'city': 'Miami'};{'temperature': 35.15, 'temperature_like': 41.44, 'weather_main': 'Clouds', 'weather_description': 'overcast clouds', 'wind_speed': 2.24}
2026-07-31 00:20:40.403032;get_weather_info;{'city': 'Madrid'};{'temperature': 30.77, 'temperature_like': 29.19, 'weather_main': 'Clear', 'weather_description': 'clear sky', 'wind_speed': 3.99}
2026-07-31 00:20:45.551409;get_weather_info;{'city': 'Kyiv'};{'temperature': 19.29, 'temperature_like': 19.15, 'weather_main': 'Clear', 'weather_description': 'clear sky', 'wind_speed': 1.82}
2026-07-31 00:20:58.987175;get_weather_info;{'city': 'Barcelona'};{'temperature': 28.33, 'temperature_like': 30.07, 'weather_main': 'Clear', 'weather_description': 'clear sky', 'wind_speed': 1.79}
2026-07-31 00:21:07.298877;get_weather_info;{'city': 'Berlin'};{'temperature': 25.58, 'temperature_like': 25.76, 'weather_main': 'Clouds', 'weather_description': 'overcast clouds', 'wind_speed': 4.92}
2026-07-31 00:21:11.323496;get_weather_info;{'city': 'Paris'};{'temperature': 24.82, 'temperature_like': 25.08, 'weather_main': 'Clouds', 'weather_description': 'broken clouds', 'wind_speed': 2.24}
2026-07-31 00:21:15.966393;get_weather_info;{'city': 'Milan'};{'temperature': 30.68, 'temperature_like': 36.2, 'weather_main': 'Clear', 'weather_description': 'clear sky', 'wind_speed': 1.58}
2026-07-31 00:21:20.234821;get_weather_info;{'city': 'Rome'};{'temperature': 31.7, 'temperature_like': 32.57, 'weather_main': 'Clear', 'weather_description': 'clear sky', 'wind_speed': 1.34}
2026-07-31 00:21:23.906221;get_weather_info;{'city': 'London'};{'temperature': 21.64, 'temperature_like': 21.64, 'weather_main': 'Clouds', 'weather_description': 'overcast clouds', 'wind_speed': 0.45}
2026-07-31 00:21:31.012476;get_weather_info;{'city': 'Kharkiv'};{'temperature': 16, 'temperature_like': 15.85, 'weather_main': 'Clouds', 'weather_description': 'broken clouds', 'wind_speed': 2.97}
2026-07-31 00:21:45.214579;get_weather_info;{'city': 'California'};{'temperature': 26.61, 'temperature_like': 26.61, 'weather_main': 'Clear', 'weather_description': 'clear sky', 'wind_speed': 0.45}
2026-07-31 00:21:51.867741;get_weather_info;{'city': 'Washington'};{'temperature': 29.37, 'temperature_like': 27.8, 'weather_main': 'Clear', 'weather_description': 'clear sky', 'wind_speed': 1.32}
2026-07-31 00:21:58.619001;get_weather_info;{'city': 'Tokyo'};{'temperature': 27.76, 'temperature_like': 31.37, 'weather_main': 'Clouds', 'weather_description': 'overcast clouds', 'wind_speed': 4.1}
2026-07-31 00:22:04.781527;get_weather_info;{'city': 'Shanghai'};{'temperature': 27.37, 'temperature_like': 30.93, 'weather_main': 'Clear', 'weather_description': 'clear sky', 'wind_speed': 1.23}
2026-07-31 00:22:10.986197;get_weather_info;{'city': 'Pekin'};{'temperature': 27.63, 'temperature_like': 31.19, 'weather_main': 'Clouds', 'weather_description': 'overcast clouds', 'wind_speed': 1.38}
