Alex;Bush;167654;Los Angeles
Alex;Bush;167654;Los Angeles
Alex;Bush;167654;Los Angeles
Alex;Bush;167654;Los Angeles
Alex;Bush;167654;Los Angeles
Alex;Bush;167654;Los Angeles
Alex;Bush;167654;Los Angeles
Alex;Bush;167654;Los Angeles
Alex;Bush;167654;Los Angeles
Alex;Bush;167654;Los Angeles
Alex;Bush;167654;Los Angeles
Alex;Bush;167654;Los Angeles
Alex;Bush;167654;Los Angeles
Alex;Bush;167654;Los Angeles
Alex;Bush;167654;Los Angeles
Alex;Bush;167654;Los Angeles
Alex;Bush;167654;Los Angeles
Alex;Bush;167654;Los Angeles
Alex;Bush;167654;Los Angeles
Alex;Bush;167654;Los Angeles
Alex;Bush;167654;Los Angeles
Alex;Bush;167654;Los Angeles
Alex;Bush;167654;Los Angeles
Alex;Bush;167654;Los Angeles
Alex;Bush;167654;Los Angeles
Alex;Bush;167654;Los Angeles
Alex;Bush;167654;Los Angeles
Alex;Bush;167654;Los Angeles
Alex;Bush;167654;Los Angeles
Alex;Bush;167654;Los Angeles
Alex;Bush;167654;Los Angeles
Alex;Bush;167654;Los Angeles
Alex;Bush;167654;Los Angeles
Alex;Bush;167654;Los Angeles
Alex;Bush;167654;Los Angeles
Alex;Bush;167654;Los Angeles
Alex;Bush;167654;Los Angeles
Alex;Bush;167654;Los Angeles
Alex;Bush;167654;Los Angeles
Alex;Bush;167654;Los Angeles
Alex;Bush;167654;Los Angeles
Alex;Bush;167654;Los Angeles
Alex;Bush;167654;Los Angeles
Alex;Bush;167654;Los Angeles
Alex;Bush;167654;Los Angeles
Alex;Bush;167654;Los Angeles
Alex;Bush;167654;Los Angeles
Alex;Bush;167654;Los Angeles
Alex;Bush;167654;Los Angeles
