2026-08-19 23:12:30.253193;add_numbers;(4.989767, 56.98);{};61.969767
2026-08-19 23:12:31.884186;add_numbers;(4.989767, 56.98);{};61.969767
2026-08-19 23:12:32.772423;add_numbers;(4.989767, 56.98);{};61.969767
2026-08-19 23:12:33.879774;add_numbers;(4.989767, 56.98);{};61.969767
2026-08-19 23:12:41.103434;add_numbers;(4.989767, 56.98);{};61.969767
2026-08-19 23:12:42.003517;add_numbers;(4.989767, 56.98);{};61.969767
2026-08-19 23:21:23.813378;add_numbers;(4.989767, 56.98);{};61.969767
2026-08-19 23:26:57.649728;add_numbers;(4.989767, 56.98);{};62.0
2026-08-19 23:29:54.044614;add_numbers;(4.989767, 56.98);{};62.0
2026-08-19 23:30:42.786658;add_numbers;(4.989767, 56.98);{};62.0
2026-08-19 23:36:29.406963;add_numbers;(4.989767, 56.98);{};62.0
2026-08-19 23:37:46.013816;add_numbers;(4.989767, 56.98);{};62.0
2026-08-19 23:41:09.692472;add_numbers;(4.989767, 56.98);{};62.0
